"5","2021-11-07 04:14:33","mZughbor","Congratulations, you just completed the installation!","First_URl","1","10",,NULL,NULL,NULL,NULL,NULL
"6","2021-11-07 04:21:06","mZughbor","Congratulations, you just completed the installation!","First_URl","0","10",,NULL,NULL,NULL,NULL,NULL
"7","2021-11-07 04:23:00","mZughbor","Congratulations, you just completed the installation!","First_URl","0","10",,NULL,NULL,NULL,NULL,NULL
"8","2021-11-07 04:23:42","mZughbor","Congratulations, you just completed the installation!","First_URl","300718","10",,NULL,NULL,NULL,NULL,NULL
"9","2021-11-07 04:30:19","hyip hekaya","2 x First Plan, 1 x Single","ENGYN4VA","85","0",,NULL,NULL,NULL,NULL,NULL
"10","2021-11-07 04:31:17","hyip hekaya","2 x First Plan, 1 x Single","ENGYN4VA","8","0",,NULL,NULL,NULL,NULL,NULL
"11","2021-11-07 04:37:59","hyip hekaya","2 x First Plan, 1 x Single","4B9R2ZKR","0","0",,NULL,NULL,NULL,NULL,NULL
"12","2021-11-07 04:38:39","hyip hekaya","2 x First Plan, 1 x Single","4B9R2ZKR","0","0",,NULL,NULL,NULL,NULL,NULL
"13","2021-11-07 04:42:13","hyip hekaya","charge:created","RQKDVEQJ","3","0",,NULL,NULL,NULL,NULL,NULL
"14","2021-11-07 04:42:59","hyip hekaya","charge:failed","RQKDVEQJ","7","0",,NULL,NULL,NULL,NULL,NULL
"15","2021-11-08 23:29:50","The Sovereign Individual","charge:resolved","AAAAAAAA","0","0",,NULL,NULL,NULL,NULL,NULL
"16","2021-11-09 00:34:06","The Sovereign Individual","charge:failed","AAAAAAAA","0","0",,NULL,NULL,NULL,NULL,NULL
"17","2021-11-09 00:38:12","mZughbor","Congratulations, you just completed the installation!","anyURl","55","0",,NULL,NULL,NULL,NULL,NULL
"18","2021-11-09 00:39:46","The Sovereign Individual","charge:created",,"0","0",,NULL,NULL,NULL,NULL,NULL
"19","2021-11-09 01:23:04","The Sovereign Individual","charge:pending","AAAAAAAA","0","0",,NULL,NULL,NULL,NULL,NULL
"20","2021-11-11 02:33:17","hyip hekaya","charge:created","VXF9YQBL","62","0",,NULL,NULL,NULL,NULL,NULL
"21","2021-11-11 02:35:28","hyip hekaya","charge:failed","VXF9YQBL","8388607","0",,NULL,NULL,NULL,NULL,NULL
"22","2021-11-11 02:43:09","The Sovereign Individual","charge:failed","AAAAAAAA","0","0",,NULL,NULL,NULL,NULL,NULL
"23","2021-11-11 02:48:23","The Sovereign Individual","charge:resolved",,"0","0",,NULL,NULL,NULL,NULL,NULL
"24","2021-11-11 02:52:56","The Sovereign Individual","charge:created",,"0","0",,NULL,NULL,NULL,NULL,NULL
"25","2021-11-11 02:53:51","The Sovereign Individual","charge:created",,"5642","0",,NULL,NULL,NULL,NULL,NULL
"26","2021-11-11 02:54:32","The Sovereign Individual","charge:created",,"5642","0",,NULL,NULL,NULL,NULL,NULL
"27","2021-11-11 02:54:35","The Sovereign Individual","charge:created",,"5642","0",,NULL,NULL,NULL,NULL,NULL
"28","2021-11-11 02:56:46","mZughbor","Congratulations, you just completed the installation!","anyURl","55","0",,NULL,NULL,NULL,NULL,NULL
"29","2021-11-11 02:58:01","The Sovereign Individual","charge:delayed","{""id"":""00000000-0000-0000-0000-000000000000"",""scheduled_for"":""2018-01-02T00:00:00Z"",""attempt_number"":1,""event"":{""id"":""00000000-0000-0000-0000-000000000000"",""resource"":""event"",""type"":""charge:delayed"",""api_version"":""2018-03-22"",""created_at"":""2018-01-02T00:00:00Z"",""data"":{""code"":""AAAAAAAA"",""id"":""00000000-0000-0000-0000-000000000000"",""resource"":""charge"",""name"":""The Sovereign Individual"",""description"":""Mastering the Transition to the Information Age"",""hosted_url"":""https://commerce.coinbase.com/charges/AAAAAAAA"",""created_at"":""2018-01-01T00:00:00Z"",""expires_at"":""2018-01-01T01:00:00Z"",""support_email"":""test@test.test"",""timeline"":[{""time"":""2018-01-01T00:00:00Z"",""status"":""NEW""},{""status"":""EXPIRED"",""time"":""2018-01-01T01:00:00Z""},{""status"":""UNRESOLVED"",""time"":""2018-01-02T00:00:00Z"",""context"":""DELAYED""}],""metadata"":{},""payment_threshold"":{""overpayment_absolute_threshold"":{""amount"":""15.00"",""currency"":""USD""},""overpayment_relative_threshold"":""0.1"",""underpayment_absolute_threshold"":{""amount"":""5.00"",""cur","5642","0",,NULL,NULL,NULL,NULL,NULL
"30","2021-11-11 02:59:11","The Sovereign Individual","charge:created","{""id"":""00000000-0000-0000-0000-000000000000"",""scheduled_for"":""2018-01-01T00:00:00Z"",""attempt_number"":1,""event"":{""id"":""00000000-0000-0000-0000-000000000000"",""resource"":""event"",""type"":""charge:created"",""api_version"":""2018-03-22"",""created_at"":""2018-01-01T00:00:00Z"",""data"":{""code"":""AAAAAAAA"",""id"":""00000000-0000-0000-0000-000000000000"",""resource"":""charge"",""name"":""The Sovereign Individual"",""description"":""Mastering the Transition to the Information Age"",""hosted_url"":""https://commerce.coinbase.com/charges/AAAAAAAA"",""created_at"":""2018-01-01T00:00:00Z"",""expires_at"":""2018-01-01T01:00:00Z"",""support_email"":""test@test.test"",""timeline"":[{""time"":""2018-01-01T00:00:00Z"",""status"":""NEW""}],""metadata"":{},""payment_threshold"":{""overpayment_absolute_threshold"":{""amount"":""15.00"",""currency"":""USD""},""overpayment_relative_threshold"":""0.1"",""underpayment_absolute_threshold"":{""amount"":""5.00"",""currency"":""USD""},""underpayment_relative_threshold"":""0.1""},""pricing"":{""local"":{""amount"":""100.00"",""currency"":""USD""},""bitcoin"":{""am","5642","0",,NULL,NULL,NULL,NULL,NULL
"31","2021-11-11 03:00:09","The Sovereign Individual","charge:created","fkghlksdfghkldshfglk;sdhgflksdhfglksdhfglkshdfglkhsdklfghlksdfghlkdshfghldskghdsfklgjhjfghksldfghldksjg","5642","0",,NULL,NULL,NULL,NULL,NULL
"32","2021-11-11 03:00:53","The Sovereign Individual","charge:pending","fkghlksdfghkldshfglk;sdhgflksdhfglksdhfglkshdfglkhsdklfghlksdfghlkdshfghldskghdsfklgjhjfghksldfghldksjg","5642","0",,NULL,NULL,NULL,NULL,NULL
"33","2021-11-11 03:01:30","The Sovereign Individual","charge:created","fkghlksdfghkldshfglk","5642","0",,NULL,NULL,NULL,NULL,NULL
"34","2021-11-11 03:02:03","The Sovereign Individual","charge:delayed",,"5642","0",,NULL,NULL,NULL,NULL,NULL
"35","2021-11-11 03:02:58","The Sovereign Individual","charge:confirmed","123","5642","0",,NULL,NULL,NULL,NULL,NULL
"36","2021-11-11 03:03:41","The Sovereign Individual","charge:pending","AAAAAAAA","5642","0",,NULL,NULL,NULL,NULL,NULL
"37","2021-11-11 03:04:39","The Sovereign Individual","charge:failed","AAAAAAAA","5642","0",,NULL,NULL,NULL,NULL,NULL
"38","2021-11-11 03:04:56","mZughbor","Congratulations, you just completed the installation!","anyURl","55","0",,NULL,NULL,NULL,NULL,NULL
"39","2021-11-11 03:05:33","The Sovereign Individual","charge:created","AAAAAAAA","5642","0",,NULL,NULL,NULL,NULL,NULL
"40","2021-11-11 03:07:29","mZughbor","Congratulations, you just completed the installation!","anyURl","55","0",,NULL,NULL,NULL,NULL,NULL
"41","2021-11-11 03:07:50","The Sovereign Individual","charge:pending","AAAAAAAA","5642","0",,NULL,NULL,NULL,NULL,NULL
"42","2021-11-11 03:08:49","mZughbor","Congratulations, you just completed the installation!","anyURl","55","0",,NULL,NULL,NULL,NULL,NULL
"43","2021-11-11 03:09:15","The Sovereign Individual","charge:delayed","AAAAAAAA","5642","0",,NULL,NULL,NULL,NULL,NULL
"44","2021-11-11 03:10:14","mZughbor","Congratulations, you just completed the installation!","anyURl","55","0",,NULL,NULL,NULL,NULL,NULL
"45","2021-11-11 03:11:21","The Sovereign Individual","charge:confirmed",,"5642","0",,NULL,NULL,NULL,NULL,NULL
"46","2021-11-11 03:15:01","The Sovereign Individual","charge:created",,"0","0",,NULL,NULL,NULL,NULL,NULL
"47","2021-11-11 03:17:49","mZughbor","Congratulations, you just completed the installation!","anyURl","55","0",,NULL,NULL,NULL,NULL,NULL
"48","2021-11-11 03:18:03","The Sovereign Individual","charge:confirmed",,"0","0",,NULL,NULL,NULL,NULL,NULL
"49","2021-11-11 03:18:34","The Sovereign Individual","charge:resolved","{""id"":""00000000-0000-0000-0000-000000000000"",""scheduled_for"":""2018-01-02T00:00:00Z"",""attempt_number"":1,""event"":{""id"":""00000000-0000-0000-0000-000000000000"",""resource"":""event"",""type"":""charge:resolved"",""api_version"":""2018-03-22"",""created_at"":""2018-01-02T00:00:00Z"",""data"":{""code"":""AAAAAAAA"",""id"":""00000000-0000-0000-0000-000000000000"",""resource"":""charge"",""name"":""The Sovereign Individual"",""description"":""Mastering the Transition to the Information Age"",""hosted_url"":""https://commerce.coinbase.com/charges/AAAAAAAA"",""created_at"":""2018-01-01T00:00:00Z"",""expires_at"":""2018-01-01T01:00:00Z"",""support_email"":""test@test.test"",""timeline"":[{""time"":""2018-01-01T00:00:00Z"",""status"":""NEW""},{""status"":""EXPIRED"",""time"":""2018-01-01T01:00:00Z""},{""status"":""UNRESOLVED"",""time"":""2018-01-02T00:00:00Z"",""context"":""DELAYED""},{""status"":""RESOLVED"",""time"":""2018-01-03T00:00:00Z""}],""metadata"":{},""payment_threshold"":{""overpayment_absolute_threshold"":{""amount"":""15.00"",""currency"":""USD""},""overpayment_relative_threshold"":""0.1"",""underpayment_absolute_threshold"":{""amount"":""5.00"",""currency"":""USD""},""underpayment_relative_threshold"":""0.1""},""applied_threshold"":{""amount"":""5.00"",""currency"":""USD""},""applied_threshold_type"":""ABSOLUTE"",""pricing"":{""local"":{""amount"":""100.00"",""currency"":""USD""},""bitcoin"":{""amount"":""1.00000000"",""currency"":""BTC""},""ethereum"":{""amount"":""10.000000000"",""currency"":""ETH""},""dai"":{""amount"":""10.000000000000000000"",""currency"":""DAI""},""usdc"":{""amount"":""10.000000"",""currency"":""USDC""},""bitcoincash"":{""amount"":""5.00000000"",""currency"":""BCH""},""litecoin"":{""amount"":""2.00000000"",""currency"":""LTC""}},""pricing_type"":""fixed_price"",""payments"":[{""network"":""ethereum"",""transaction_id"":""0x0000000000000000000000000000000000000000000000000000000000000000"",""status"":""CONFIRMED"",""detected_at"":""2018-01-02T00:00:00Z"",""value"":{""local"":{""amount"":""100.0"",""currency"":""USD""},""crypto"":{""amount"":""10.00"",""currency"":""ETH""}},""block"":{""height"":100,""hash"":""0x0000000000000000000000000000000000000000000000000000000000000000"",""confirmations_accumulated"":8,""confirmations_required"":2}}],""addresses"":{""bitcoin"":""1000000000000000000000000000000000"",""ethereum"":""0x0000000000000000000000000000000000000000"",""dai"":""0x0000000000000000000000000000000000000000"",""usdc"":""0x0000000000000000000000000000000000000000"",""litecoin"":""3000000000000000000000000000000000"",""bitcoincash"":""bitcoincash:000000000000000000000000000000000000000000""},""pwcb_only"":false}}}","0","0",,NULL,NULL,NULL,NULL,NULL
"50","2021-11-11 03:36:14","The Sovereign Individual","charge:pending","{""id"":""00000000-0000-0000-0000-000000000000"",""scheduled_for"":""2018-01-01T00:30:00Z"",""attempt_number"":1,""event"":{""id"":""00000000-0000-0000-0000-000000000000"",""resource"":""event"",""type"":""charge:pending"",""api_version"":""2018-03-22"",""created_at"":""2018-01-01T00:30:00Z"",""data"":{""code"":""AAAAAAAA"",""id"":""00000000-0000-0000-0000-000000000000"",""resource"":""charge"",""name"":""The Sovereign Individual"",""description"":""Mastering the Transition to the Information Age"",""hosted_url"":""https://commerce.coinbase.com/charges/AAAAAAAA"",""created_at"":""2018-01-01T00:00:00Z"",""expires_at"":""2018-01-01T01:00:00Z"",""support_email"":""test@test.test"",""timeline"":[{""time"":""2018-01-01T00:00:00Z"",""status"":""NEW""},{""status"":""PENDING"",""payment"":{""network"":""ethereum"",""transaction_id"":""0x0000000000000000000000000000000000000000000000000000000000000000""},""time"":""2018-01-01T00:30:00Z""}],""metadata"":{},""payment_threshold"":{""overpayment_absolute_threshold"":{""amount"":""15.00"",""currency"":""USD""},""overpayment_relative_threshold"":""0.1"",""underpayment_absolute_threshold"":{""amount"":""5.00"",""currency"":""USD""},""underpayment_relative_threshold"":""0.1""},""pricing"":{""local"":{""amount"":""100.00"",""currency"":""USD""},""bitcoin"":{""amount"":""1.00000000"",""currency"":""BTC""},""ethereum"":{""amount"":""10.000000000"",""currency"":""ETH""},""dai"":{""amount"":""10.000000000000000000"",""currency"":""DAI""},""usdc"":{""amount"":""10.000000"",""currency"":""USDC""},""bitcoincash"":{""amount"":""5.00000000"",""currency"":""BCH""},""litecoin"":{""amount"":""2.00000000"",""currency"":""LTC""}},""pricing_type"":""fixed_price"",""payments"":[{""network"":""ethereum"",""transaction_id"":""0x0000000000000000000000000000000000000000000000000000000000000000"",""status"":""PENDING"",""detected_at"":""2018-01-01T00:30:00Z"",""value"":{""local"":{""amount"":""100.0"",""currency"":""USD""},""crypto"":{""amount"":""10.00"",""currency"":""ETH""}},""block"":{""height"":100,""hash"":""0x0000000000000000000000000000000000000000000000000000000000000000"",""confirmations_accumulated"":8,""confirmations_required"":2}}],""addresses"":{""bitcoin"":""1000000000000000000000000000000000"",""ethereum"":""0x0000000000000000000000000000000000000000"",""dai"":""0x0000000000000000000000000000000000000000"",""usdc"":""0x0000000000000000000000000000000000000000"",""litecoin"":""3000000000000000000000000000000000"",""bitcoincash"":""bitcoincash:000000000000000000000000000000000000000000""},""exchange_rates"":{""BCH-USD"":""1000.0"",""BTC-USD"":""100.0"",""ETH-USD"":""10.0"",""JPY-USD"":""0.5"",""LTC-USD"":""50.0"",""TST-USD"":""0.5"",""BEER-USD"":""0.1""},""local_exchange_rates"":{""BCH-USD"":""1000.0"",""BTC-USD"":""100.0"",""ETH-USD"":""10.0"",""JPY-USD"":""0.5"",""LTC-USD"":""50.0"",""TST-USD"":""0.5"",""BEER-USD"":""0.1""},""pwcb_only"":false}}}","0","0",,NULL,NULL,NULL,NULL,NULL
"51","2021-11-11 03:38:16","The Sovereign Individual","charge:delayed","{""id"":""00000000-0000-0000-0000-000000000000"",""scheduled_for"":""2018-01-02T00:00:00Z"",""attempt_number"":1,""event"":{""id"":""00000000-0000-0000-0000-000000000000"",""resource"":""event"",""type"":""charge:delayed"",""api_version"":""2018-03-22"",""created_at"":""2018-01-02T00:00:00Z"",""data"":{""code"":""AAAAAAAA"",""id"":""00000000-0000-0000-0000-000000000000"",""resource"":""charge"",""name"":""The Sovereign Individual"",""description"":""Mastering the Transition to the Information Age"",""hosted_url"":""https://commerce.coinbase.com/charges/AAAAAAAA"",""created_at"":""2018-01-01T00:00:00Z"",""expires_at"":""2018-01-01T01:00:00Z"",""support_email"":""test@test.test"",""timeline"":[{""time"":""2018-01-01T00:00:00Z"",""status"":""NEW""},{""status"":""EXPIRED"",""time"":""2018-01-01T01:00:00Z""},{""status"":""UNRESOLVED"",""time"":""2018-01-02T00:00:00Z"",""context"":""DELAYED""}],""metadata"":{},""payment_threshold"":{""overpayment_absolute_threshold"":{""amount"":""15.00"",""currency"":""USD""},""overpayment_relative_threshold"":""0.1"",""underpayment_absolute_threshold"":{""amount"":""5.00"",""currency"":""USD""},""underpayment_relative_threshold"":""0.1""},""pricing"":{""local"":{""amount"":""100.00"",""currency"":""USD""},""bitcoin"":{""amount"":""1.00000000"",""currency"":""BTC""},""ethereum"":{""amount"":""10.000000000"",""currency"":""ETH""},""dai"":{""amount"":""10.000000000000000000"",""currency"":""DAI""},""usdc"":{""amount"":""10.000000"",""currency"":""USDC""},""bitcoincash"":{""amount"":""5.00000000"",""currency"":""BCH""},""litecoin"":{""amount"":""2.00000000"",""currency"":""LTC""}},""pricing_type"":""fixed_price"",""payments"":[{""network"":""ethereum"",""transaction_id"":""0x0000000000000000000000000000000000000000000000000000000000000000"",""status"":""CONFIRMED"",""detected_at"":""2018-01-02T00:00:00Z"",""value"":{""local"":{""amount"":""100.0"",""currency"":""USD""},""crypto"":{""amount"":""10.00"",""currency"":""ETH""}},""block"":{""height"":100,""hash"":""0x0000000000000000000000000000000000000000000000000000000000000000"",""confirmations_accumulated"":8,""confirmations_required"":2}}],""addresses"":{""bitcoin"":""1000000000000000000000000000000000"",""ethereum"":""0x0000000000000000000000000000000000000000"",""dai"":""0x0000000000000000000000000000000000000000"",""usdc"":""0x0000000000000000000000000000000000000000"",""litecoin"":""3000000000000000000000000000000000"",""bitcoincash"":""bitcoincash:000000000000000000000000000000000000000000""},""exchange_rates"":{""BCH-USD"":""1000.0"",""BTC-USD"":""100.0"",""ETH-USD"":""10.0"",""JPY-USD"":""0.5"",""LTC-USD"":""50.0"",""TST-USD"":""0.5"",""BEER-USD"":""0.1""},""local_exchange_rates"":{""BCH-USD"":""1000.0"",""BTC-USD"":""100.0"",""ETH-USD"":""10.0"",""JPY-USD"":""0.5"",""LTC-USD"":""50.0"",""TST-USD"":""0.5"",""BEER-USD"":""0.1""},""pwcb_only"":false}}}","0","0",,NULL,NULL,NULL,NULL,NULL
"52","2021-11-11 03:39:14","The Sovereign Individual","charge:failed","{""id"":""00000000-0000-0000-0000-000000000000"",""scheduled_for"":""2018-01-01T01:00:00Z"",""attempt_number"":1,""event"":{""id"":""00000000-0000-0000-0000-000000000000"",""resource"":""event"",""type"":""charge:failed"",""api_version"":""2018-03-22"",""created_at"":""2018-01-01T01:00:00Z"",""data"":{""code"":""AAAAAAAA"",""id"":""00000000-0000-0000-0000-000000000000"",""resource"":""charge"",""name"":""The Sovereign Individual"",""description"":""Mastering the Transition to the Information Age"",""hosted_url"":""https://commerce.coinbase.com/charges/AAAAAAAA"",""created_at"":""2018-01-01T00:00:00Z"",""expires_at"":""2018-01-01T01:00:00Z"",""support_email"":""test@test.test"",""timeline"":[{""time"":""2018-01-01T00:00:00Z"",""status"":""NEW""},{""status"":""EXPIRED"",""time"":""2018-01-01T01:00:00Z""}],""metadata"":{},""payment_threshold"":{""overpayment_absolute_threshold"":{""amount"":""15.00"",""currency"":""USD""},""overpayment_relative_threshold"":""0.1"",""underpayment_absolute_threshold"":{""amount"":""5.00"",""currency"":""USD""},""underpayment_relative_threshold"":""0.1""},""pricing"":{""local"":{""amount"":""100.00"",""currency"":""USD""},""bitcoin"":{""amount"":""1.00000000"",""currency"":""BTC""},""ethereum"":{""amount"":""10.000000000"",""currency"":""ETH""},""dai"":{""amount"":""10.000000000000000000"",""currency"":""DAI""},""usdc"":{""amount"":""10.000000"",""currency"":""USDC""},""bitcoincash"":{""amount"":""5.00000000"",""currency"":""BCH""},""litecoin"":{""amount"":""2.00000000"",""currency"":""LTC""}},""pricing_type"":""fixed_price"",""payments"":[],""addresses"":{""bitcoin"":""1000000000000000000000000000000000"",""ethereum"":""0x0000000000000000000000000000000000000000"",""dai"":""0x0000000000000000000000000000000000000000"",""usdc"":""0x0000000000000000000000000000000000000000"",""litecoin"":""3000000000000000000000000000000000"",""bitcoincash"":""bitcoincash:000000000000000000000000000000000000000000""},""exchange_rates"":{""BCH-USD"":""1000.0"",""BTC-USD"":""100.0"",""ETH-USD"":""10.0"",""JPY-USD"":""0.5"",""LTC-USD"":""50.0"",""TST-USD"":""0.5"",""BEER-USD"":""0.1""},""local_exchange_rates"":{""BCH-USD"":""1000.0"",""BTC-USD"":""100.0"",""ETH-USD"":""10.0"",""JPY-USD"":""0.5"",""LTC-USD"":""50.0"",""TST-USD"":""0.5"",""BEER-USD"":""0.1""},""pwcb_only"":false}}}","0","0",,NULL,NULL,NULL,NULL,NULL
"53","2021-11-11 03:40:53","The Sovereign Individual","charge:confirmed","{""id"":""00000000-0000-0000-0000-000000000000"",""scheduled_for"":""2018-01-01T00:40:00Z"",""attempt_number"":1,""event"":{""id"":""00000000-0000-0000-0000-000000000000"",""resource"":""event"",""type"":""charge:confirmed"",""api_version"":""2018-03-22"",""created_at"":""2018-01-01T00:40:00Z"",""data"":{""code"":""AAAAAAAA"",""id"":""00000000-0000-0000-0000-000000000000"",""resource"":""charge"",""name"":""The Sovereign Individual"",""description"":""Mastering the Transition to the Information Age"",""hosted_url"":""https://commerce.coinbase.com/charges/AAAAAAAA"",""created_at"":""2018-01-01T00:00:00Z"",""confirmed_at"":""2018-01-01T00:40:00Z"",""expires_at"":""2018-01-01T01:00:00Z"",""support_email"":""test@test.test"",""timeline"":[{""time"":""2018-01-01T00:00:00Z"",""status"":""NEW""},{""status"":""PENDING"",""payment"":{""network"":""ethereum"",""transaction_id"":""0x0000000000000000000000000000000000000000000000000000000000000000""},""time"":""2018-01-01T00:30:00Z""},{""status"":""COMPLETED"",""payment"":{""network"":""ethereum"",""transaction_id"":""0x0000000000000000000000000000000000000000000000000000000000000000""},""time"":""2018-01-01T00:40:00Z""}],""metadata"":{},""payment_threshold"":{""overpayment_absolute_threshold"":{""amount"":""15.00"",""currency"":""USD""},""overpayment_relative_threshold"":""0.1"",""underpayment_absolute_threshold"":{""amount"":""5.00"",""currency"":""USD""},""underpayment_relative_threshold"":""0.1""},""pricing"":{""local"":{""amount"":""100.00"",""currency"":""USD""},""bitcoin"":{""amount"":""1.00000000"",""currency"":""BTC""},""ethereum"":{""amount"":""10.000000000"",""currency"":""ETH""},""dai"":{""amount"":""10.000000000000000000"",""currency"":""DAI""},""usdc"":{""amount"":""10.000000"",""currency"":""USDC""},""bitcoincash"":{""amount"":""5.00000000"",""currency"":""BCH""},""litecoin"":{""amount"":""2.00000000"",""currency"":""LTC""}},""pricing_type"":""fixed_price"",""payments"":[{""network"":""ethereum"",""transaction_id"":""0x0000000000000000000000000000000000000000000000000000000000000000"",""status"":""CONFIRMED"",""detected_at"":""2018-01-01T00:30:00Z"",""value"":{""local"":{""amount"":""100.0"",""currency"":""USD""},""crypto"":{""amount"":""10.00"",""currency"":""ETH""}},""block"":{""height"":100,""hash"":""0x0000000000000000000000000000000000000000000000000000000000000000"",""confirmations_accumulated"":8,""confirmations_required"":2}}],""addresses"":{""bitcoin"":""1000000000000000000000000000000000"",""ethereum"":""0x0000000000000000000000000000000000000000"",""dai"":""0x0000000000000000000000000000000000000000"",""usdc"":""0x0000000000000000000000000000000000000000"",""litecoin"":""3000000000000000000000000000000000"",""bitcoincash"":""bitcoincash:000000000000000000000000000000000000000000""},""exchange_rates"":{""BCH-USD"":""1000.0"",""BTC-USD"":""100.0"",""ETH-USD"":""10.0"",""JPY-USD"":""0.5"",""LTC-USD"":""50.0"",""TST-USD"":""0.5"",""BEER-USD"":""0.1""},""local_exchange_rates"":{""BCH-USD"":""1000.0"",""BTC-USD"":""100.0"",""ETH-USD"":""10.0"",""JPY-USD"":""0.5"",""LTC-USD"":""50.0"",""TST-USD"":""0.5"",""BEER-USD"":""0.1""},""pwcb_only"":false}}}","0","0",,NULL,NULL,NULL,NULL,NULL
"54","2021-11-11 03:42:25","The Sovereign Individual","charge:created","{""id"":""00000000-0000-0000-0000-000000000000"",""scheduled_for"":""2018-01-01T00:00:00Z"",""attempt_number"":1,""event"":{""id"":""00000000-0000-0000-0000-000000000000"",""resource"":""event"",""type"":""charge:created"",""api_version"":""2018-03-22"",""created_at"":""2018-01-01T00:00:00Z"",""data"":{""code"":""AAAAAAAA"",""id"":""00000000-0000-0000-0000-000000000000"",""resource"":""charge"",""name"":""The Sovereign Individual"",""description"":""Mastering the Transition to the Information Age"",""hosted_url"":""https://commerce.coinbase.com/charges/AAAAAAAA"",""created_at"":""2018-01-01T00:00:00Z"",""expires_at"":""2018-01-01T01:00:00Z"",""support_email"":""test@test.test"",""timeline"":[{""time"":""2018-01-01T00:00:00Z"",""status"":""NEW""}],""metadata"":{},""payment_threshold"":{""overpayment_absolute_threshold"":{""amount"":""15.00"",""currency"":""USD""},""overpayment_relative_threshold"":""0.1"",""underpayment_absolute_threshold"":{""amount"":""5.00"",""currency"":""USD""},""underpayment_relative_threshold"":""0.1""},""pricing"":{""local"":{""amount"":""100.00"",""currency"":""USD""},""bitcoin"":{""amount"":""1.00000000"",""currency"":""BTC""},""ethereum"":{""amount"":""10.000000000"",""currency"":""ETH""},""dai"":{""amount"":""10.000000000000000000"",""currency"":""DAI""},""usdc"":{""amount"":""10.000000"",""currency"":""USDC""},""bitcoincash"":{""amount"":""5.00000000"",""currency"":""BCH""},""litecoin"":{""amount"":""2.00000000"",""currency"":""LTC""}},""pricing_type"":""fixed_price"",""payments"":[],""addresses"":{""bitcoin"":""1000000000000000000000000000000000"",""ethereum"":""0x0000000000000000000000000000000000000000"",""dai"":""0x0000000000000000000000000000000000000000"",""usdc"":""0x0000000000000000000000000000000000000000"",""litecoin"":""3000000000000000000000000000000000"",""bitcoincash"":""bitcoincash:000000000000000000000000000000000000000000""},""exchange_rates"":{""BCH-USD"":""1000.0"",""BTC-USD"":""100.0"",""ETH-USD"":""10.0"",""JPY-USD"":""0.5"",""LTC-USD"":""50.0"",""TST-USD"":""0.5"",""BEER-USD"":""0.1""},""local_exchange_rates"":{""BCH-USD"":""1000.0"",""BTC-USD"":""100.0"",""ETH-USD"":""10.0"",""JPY-USD"":""0.5"",""LTC-USD"":""50.0"",""TST-USD"":""0.5"",""BEER-USD"":""0.1""},""pwcb_only"":false}}}","0","0",,NULL,NULL,NULL,NULL,NULL
"55","2021-11-12 17:40:18","hyip hekaya","charge:created","{""attempt_number"":1,""event"":{""api_version"":""2018-03-22"",""created_at"":""2021-11-12T17:40:16Z"",""data"":{""id"":""d667ceef-0cc8-4b3a-ba03-5021c3b9d512"",""code"":""HXC7CRVL"",""name"":""hyip hekaya"",""utxo"":false,""pricing"":{""dai"":{""amount"":""1.000285582000000000"",""currency"":""DAI""},""usdc"":{""amount"":""1.000000"",""currency"":""USDC""},""local"":{""amount"":""1.00"",""currency"":""USD""},""bitcoin"":{""amount"":""0.00001580"",""currency"":""BTC""},""dogecoin"":{""amount"":""3.91772772"",""currency"":""DOGE""},""ethereum"":{""amount"":""0.000218000"",""currency"":""ETH""},""litecoin"":{""amount"":""0.00401510"",""currency"":""LTC""},""bitcoincash"":{""amount"":""0.00151986"",""currency"":""BCH""}},""logo_url"":""https://res.cloudinary.com/commerce/image/upload/v1632326653/p2rtp8npeozxehjrfvql.png"",""metadata"":{""source"":""woocommerce"",""order_id"":""176"",""order_key"":""wc_order_JDwk3uRqjatNp""},""payments"":[],""resource"":""charge"",""timeline"":[{""time"":""2021-11-12T17:40:16Z"",""status"":""NEW""}],""addresses"":{""dai"":""0x43ea8d5551e16405e668f1fca122cb07ada9dfa5"",""usdc"":""0x43ea8d5551e16405e668f1fca122cb07ada9dfa5"",""bitcoin"":""36kVFYWqL4qg6CCJu3uYY6Q4WRa3qEZR7P"",""dogecoin"":""DAcKRELTBc3WToio7xMEVJj5RgPa5KuMYi"",""ethereum"":""0x43ea8d5551e16405e668f1fca122cb07ada9dfa5"",""litecoin"":""MSYMvPUjTpgSiRLrCos62psfxrwGqEYZuE"",""bitcoincash"":""qrc8rvr6vjluzqyymylmhfsu8e7a96ha9s8fjj8nu8""},""pwcb_only"":false,""cancel_url"":""https://hekaya.spmdubai.com/cart/?cancel_order=true&amp;order=wc_order_JDwk3uRqjatNp&amp;order_id=176&amp;redirect&amp;_wpnonce=7d0c30bbce"",""created_at"":""2021-11-12T17:40:16Z"",""expires_at"":""2021-11-12T18:40:16Z"",""hosted_url"":""https://commerce.coinbase.com/charges/HXC7CRVL"",""brand_color"":""#A973A9"",""description"":""1 x Single"",""fees_settled"":true,""pricing_type"":""fixed_price"",""redirect_url"":""https://hekaya.spmdubai.com/checkout/order-received/176/?key=wc_order_JDwk3uRqjatNp"",""support_email"":""mzughbor@gmail.com"",""brand_logo_url"":""https://res.cloudinary.com/commerce/image/upload/v1632326653/p2rtp8npeozxehjrfvql.png"",""exchange_rates"":{""BCH-USD"":""657.955"",""BTC-USD"":""63307.195"",""DAI-USD"":""0.9997145"",""ETH-USD"":""4590.33"",""LTC-USD"":""249.06"",""DOGE-USD"":""0.25525"",""USDC-USD"":""1.0""},""organization_name"":""yoilen"",""payment_threshold"":{""overpayment_absolute_threshold"":{""amount"":""5.00"",""currency"":""USD""},""overpayment_relative_threshold"":""0.005"",""underpayment_absolute_threshold"":{""amount"":""0.10"",""currency"":""USD""},""underpayment_relative_threshold"":""0.005""},""local_exchange_rates"":{""BCH-USD"":""657.955"",""BTC-USD"":""63307.195"",""DAI-USD"":""0.9997145"",""ETH-USD"":""4590.33"",""LTC-USD"":""249.06"",""DOGE-USD"":""0.25525"",""USDC-USD"":""1.0""},""third_party_provider"":""woocommerce""},""id"":""4fa55e48-84a0-4b97-9050-e289d516e1a0"",""resource"":""event"",""type"":""charge:created""},""id"":""21854e91-5678-44a6-a764-6ef86bb49873"",""scheduled_for"":""2021-11-12T17:40:16Z""}","8388607","0",,NULL,NULL,NULL,NULL,NULL
"56","2021-11-12 18:24:48","hyip hekaya","charge:created","{""attempt_number"":1,""event"":{""api_version"":""2018-03-22"",""created_at"":""2021-11-12T18:24:46Z"",""data"":{""id"":""4b8c1d3a-7975-4686-98e8-beee0ba392a4"",""code"":""GBA7RRNM"",""name"":""hyip hekaya"",""utxo"":false,""pricing"":{""dai"":{""amount"":""20.006201920000000000"",""currency"":""DAI""},""usdc"":{""amount"":""20.000000"",""currency"":""USDC""},""local"":{""amount"":""20.00"",""currency"":""USD""},""bitcoin"":{""amount"":""0.00031213"",""currency"":""BTC""},""dogecoin"":{""amount"":""77.74538386"",""currency"":""DOGE""},""ethereum"":{""amount"":""0.004284000"",""currency"":""ETH""},""litecoin"":{""amount"":""0.07930214"",""currency"":""LTC""},""bitcoincash"":{""amount"":""0.03008491"",""currency"":""BCH""}},""logo_url"":""https://res.cloudinary.com/commerce/image/upload/v1632326653/p2rtp8npeozxehjrfvql.png"",""metadata"":{""source"":""woocommerce"",""order_id"":""177"",""order_key"":""wc_order_hifFJxqjDQRlF""},""payments"":[],""resource"":""charge"",""timeline"":[{""time"":""2021-11-12T18:24:46Z"",""status"":""NEW""}],""addresses"":{""dai"":""0x5f090544429c96cd561c6615cae0987fb98fec2d"",""usdc"":""0x5f090544429c96cd561c6615cae0987fb98fec2d"",""bitcoin"":""34Piu56H1iSYX92bguGHL9uAQh5SHSx3PE"",""dogecoin"":""D9GgqHXhbhBef6XnXTYqkSDHEJDMYiRrYr"",""ethereum"":""0x5f090544429c96cd561c6615cae0987fb98fec2d"",""litecoin"":""MUSNwi6R66nMvfm7dTrM25Ruk1Fe4LraoC"",""bitcoincash"":""qztjgpx4rs62rx6djnuv7627r4elt4cy6u2y3cqsls""},""pwcb_only"":false,""cancel_url"":""https://hekaya.spmdubai.com/cart/?cancel_order=true&amp;order=wc_order_hifFJxqjDQRlF&amp;order_id=177&amp;redirect&amp;_wpnonce=ddfb227a99"",""created_at"":""2021-11-12T18:24:46Z"",""expires_at"":""2021-11-12T19:24:46Z"",""hosted_url"":""https://commerce.coinbase.com/charges/GBA7RRNM"",""brand_color"":""#A973A9"",""description"":""1 x First Plan, 1 x Beanie"",""fees_settled"":true,""pricing_type"":""fixed_price"",""redirect_url"":""https://hekaya.spmdubai.com/checkout/order-received/177/?key=wc_order_hifFJxqjDQRlF"",""support_email"":""mzughbor@gmail.com"",""brand_logo_url"":""https://res.cloudinary.com/commerce/image/upload/v1632326653/p2rtp8npeozxehjrfvql.png"",""exchange_rates"":{""BCH-USD"":""664.785"",""BTC-USD"":""64074.965"",""DAI-USD"":""0.99969"",""ETH-USD"":""4669.005"",""LTC-USD"":""252.2"",""DOGE-USD"":""0.25725"",""USDC-USD"":""1.0""},""organization_name"":""yoilen"",""payment_threshold"":{""overpayment_absolute_threshold"":{""amount"":""5.00"",""currency"":""USD""},""overpayment_relative_threshold"":""0.005"",""underpayment_absolute_threshold"":{""amount"":""0.10"",""currency"":""USD""},""underpayment_relative_threshold"":""0.005""},""local_exchange_rates"":{""BCH-USD"":""664.785"",""BTC-USD"":""64074.965"",""DAI-USD"":""0.99969"",""ETH-USD"":""4669.005"",""LTC-USD"":""252.2"",""DOGE-USD"":""0.25725"",""USDC-USD"":""1.0""},""third_party_provider"":""woocommerce""},""id"":""e588f583-3fe5-4255-93c2-ae3aa6c3c74b"",""resource"":""event"",""type"":""charge:created""},""id"":""dc24a52d-d279-450f-9fe3-100eaac38522"",""scheduled_for"":""2021-11-12T18:24:46Z""}","0","0",,NULL,NULL,NULL,NULL,NULL
"57","2021-11-12 18:40:25","hyip hekaya","charge:failed","{""attempt_number"":1,""event"":{""api_version"":""2018-03-22"",""created_at"":""2021-11-12T18:40:23Z"",""data"":{""id"":""d667ceef-0cc8-4b3a-ba03-5021c3b9d512"",""code"":""HXC7CRVL"",""name"":""hyip hekaya"",""utxo"":false,""pricing"":{""dai"":{""amount"":""1.000285582000000000"",""currency"":""DAI""},""usdc"":{""amount"":""1.000000"",""currency"":""USDC""},""local"":{""amount"":""1.00"",""currency"":""USD""},""bitcoin"":{""amount"":""0.00001580"",""currency"":""BTC""},""dogecoin"":{""amount"":""3.91772772"",""currency"":""DOGE""},""ethereum"":{""amount"":""0.000218000"",""currency"":""ETH""},""litecoin"":{""amount"":""0.00401510"",""currency"":""LTC""},""bitcoincash"":{""amount"":""0.00151986"",""currency"":""BCH""}},""logo_url"":""https://res.cloudinary.com/commerce/image/upload/v1632326653/p2rtp8npeozxehjrfvql.png"",""metadata"":{""source"":""woocommerce"",""order_id"":""176"",""order_key"":""wc_order_JDwk3uRqjatNp""},""payments"":[],""resource"":""charge"",""timeline"":[{""time"":""2021-11-12T17:40:16Z"",""status"":""NEW""},{""time"":""2021-11-12T18:40:23Z"",""status"":""EXPIRED""}],""addresses"":{""dai"":""0x43ea8d5551e16405e668f1fca122cb07ada9dfa5"",""usdc"":""0x43ea8d5551e16405e668f1fca122cb07ada9dfa5"",""bitcoin"":""36kVFYWqL4qg6CCJu3uYY6Q4WRa3qEZR7P"",""dogecoin"":""DAcKRELTBc3WToio7xMEVJj5RgPa5KuMYi"",""ethereum"":""0x43ea8d5551e16405e668f1fca122cb07ada9dfa5"",""litecoin"":""MSYMvPUjTpgSiRLrCos62psfxrwGqEYZuE"",""bitcoincash"":""qrc8rvr6vjluzqyymylmhfsu8e7a96ha9s8fjj8nu8""},""pwcb_only"":false,""cancel_url"":""https://hekaya.spmdubai.com/cart/?cancel_order=true&amp;order=wc_order_JDwk3uRqjatNp&amp;order_id=176&amp;redirect&amp;_wpnonce=7d0c30bbce"",""created_at"":""2021-11-12T17:40:16Z"",""expires_at"":""2021-11-12T18:40:16Z"",""hosted_url"":""https://commerce.coinbase.com/charges/HXC7CRVL"",""brand_color"":""#A973A9"",""description"":""1 x Single"",""fees_settled"":true,""pricing_type"":""fixed_price"",""redirect_url"":""https://hekaya.spmdubai.com/checkout/order-received/176/?key=wc_order_JDwk3uRqjatNp"",""support_email"":""mzughbor@gmail.com"",""brand_logo_url"":""https://res.cloudinary.com/commerce/image/upload/v1632326653/p2rtp8npeozxehjrfvql.png"",""exchange_rates"":{""BCH-USD"":""657.955"",""BTC-USD"":""63307.195"",""DAI-USD"":""0.9997145"",""ETH-USD"":""4590.33"",""LTC-USD"":""249.06"",""DOGE-USD"":""0.25525"",""USDC-USD"":""1.0""},""organization_name"":""yoilen"",""payment_threshold"":{""overpayment_absolute_threshold"":{""amount"":""5.00"",""currency"":""USD""},""overpayment_relative_threshold"":""0.005"",""underpayment_absolute_threshold"":{""amount"":""0.10"",""currency"":""USD""},""underpayment_relative_threshold"":""0.005""},""local_exchange_rates"":{""BCH-USD"":""657.955"",""BTC-USD"":""63307.195"",""DAI-USD"":""0.9997145"",""ETH-USD"":""4590.33"",""LTC-USD"":""249.06"",""DOGE-USD"":""0.25525"",""USDC-USD"":""1.0""},""third_party_provider"":""woocommerce""},""id"":""b431e5c7-86ac-4935-90c3-7e05aec121ea"",""resource"":""event"",""type"":""charge:failed""},""id"":""11a6e074-b074-42fa-a5c9-c469f3000850"",""scheduled_for"":""2021-11-12T18:40:23Z""}","11","0",,NULL,NULL,NULL,NULL,NULL
"58","2021-11-12 19:24:56","hyip hekaya","charge:failed","{""attempt_number"":1,""event"":{""api_version"":""2018-03-22"",""created_at"":""2021-11-12T19:24:54Z"",""data"":{""id"":""4b8c1d3a-7975-4686-98e8-beee0ba392a4"",""code"":""GBA7RRNM"",""name"":""hyip hekaya"",""utxo"":false,""pricing"":{""dai"":{""amount"":""20.006201920000000000"",""currency"":""DAI""},""usdc"":{""amount"":""20.000000"",""currency"":""USDC""},""local"":{""amount"":""20.00"",""currency"":""USD""},""bitcoin"":{""amount"":""0.00031213"",""currency"":""BTC""},""dogecoin"":{""amount"":""77.74538386"",""currency"":""DOGE""},""ethereum"":{""amount"":""0.004284000"",""currency"":""ETH""},""litecoin"":{""amount"":""0.07930214"",""currency"":""LTC""},""bitcoincash"":{""amount"":""0.03008491"",""currency"":""BCH""}},""logo_url"":""https://res.cloudinary.com/commerce/image/upload/v1632326653/p2rtp8npeozxehjrfvql.png"",""metadata"":{""source"":""woocommerce"",""order_id"":""177"",""order_key"":""wc_order_hifFJxqjDQRlF""},""payments"":[],""resource"":""charge"",""timeline"":[{""time"":""2021-11-12T18:24:46Z"",""status"":""NEW""},{""time"":""2021-11-12T19:24:54Z"",""status"":""EXPIRED""}],""addresses"":{""dai"":""0x5f090544429c96cd561c6615cae0987fb98fec2d"",""usdc"":""0x5f090544429c96cd561c6615cae0987fb98fec2d"",""bitcoin"":""34Piu56H1iSYX92bguGHL9uAQh5SHSx3PE"",""dogecoin"":""D9GgqHXhbhBef6XnXTYqkSDHEJDMYiRrYr"",""ethereum"":""0x5f090544429c96cd561c6615cae0987fb98fec2d"",""litecoin"":""MUSNwi6R66nMvfm7dTrM25Ruk1Fe4LraoC"",""bitcoincash"":""qztjgpx4rs62rx6djnuv7627r4elt4cy6u2y3cqsls""},""pwcb_only"":false,""cancel_url"":""https://hekaya.spmdubai.com/cart/?cancel_order=true&amp;order=wc_order_hifFJxqjDQRlF&amp;order_id=177&amp;redirect&amp;_wpnonce=ddfb227a99"",""created_at"":""2021-11-12T18:24:46Z"",""expires_at"":""2021-11-12T19:24:46Z"",""hosted_url"":""https://commerce.coinbase.com/charges/GBA7RRNM"",""brand_color"":""#A973A9"",""description"":""1 x First Plan, 1 x Beanie"",""fees_settled"":true,""pricing_type"":""fixed_price"",""redirect_url"":""https://hekaya.spmdubai.com/checkout/order-received/177/?key=wc_order_hifFJxqjDQRlF"",""support_email"":""mzughbor@gmail.com"",""brand_logo_url"":""https://res.cloudinary.com/commerce/image/upload/v1632326653/p2rtp8npeozxehjrfvql.png"",""exchange_rates"":{""BCH-USD"":""664.785"",""BTC-USD"":""64074.965"",""DAI-USD"":""0.99969"",""ETH-USD"":""4669.005"",""LTC-USD"":""252.2"",""DOGE-USD"":""0.25725"",""USDC-USD"":""1.0""},""organization_name"":""yoilen"",""payment_threshold"":{""overpayment_absolute_threshold"":{""amount"":""5.00"",""currency"":""USD""},""overpayment_relative_threshold"":""0.005"",""underpayment_absolute_threshold"":{""amount"":""0.10"",""currency"":""USD""},""underpayment_relative_threshold"":""0.005""},""local_exchange_rates"":{""BCH-USD"":""664.785"",""BTC-USD"":""64074.965"",""DAI-USD"":""0.99969"",""ETH-USD"":""4669.005"",""LTC-USD"":""252.2"",""DOGE-USD"":""0.25725"",""USDC-USD"":""1.0""},""third_party_provider"":""woocommerce""},""id"":""c16bcec7-94fe-42c7-8464-a96e03d62a0f"",""resource"":""event"",""type"":""charge:failed""},""id"":""0f810e21-3e24-4f33-90ba-b27bd453eef2"",""scheduled_for"":""2021-11-12T19:24:54Z""}","0","0",,NULL,NULL,NULL,NULL,NULL
"59","2021-11-13 02:03:39","mZughbor","Congratulations, you just completed the installation!","anyURl","55","0",,NULL,NULL,NULL,NULL,NULL
"60","2021-11-13 02:08:00","mZughbor","Congratulations, you just completed the installation!","anyURl","55","0",,NULL,NULL,NULL,NULL,NULL
"61","2021-11-13 20:32:41","hyip hekaya",,"{""attempt_number"":1,""event"":{""api_version"":""2018-03-22"",""created_at"":""2021-11-13T20:32:39Z"",""data"":{""id"":""ee3c90cd-aa26-4ad1-ae97-0929e75a3831"",""code"":""R2588F2J"",""name"":""hyip hekaya"",""utxo"":false,""pricing"":{""dai"":{""amount"":""0.999963501332201375"",""currency"":""DAI""},""usdc"":{""amount"":""1.000000"",""currency"":""USDC""},""local"":{""amount"":""1.00"",""currency"":""USD""},""bitcoin"":{""amount"":""0.00001561"",""currency"":""BTC""},""dogecoin"":{""amount"":""3.85282219"",""currency"":""DOGE""},""ethereum"":{""amount"":""0.000215000"",""currency"":""ETH""},""litecoin"":{""amount"":""0.00390076"",""currency"":""LTC""},""bitcoincash"":{""amount"":""0.00149973"",""currency"":""BCH""}},""logo_url"":""https://res.cloudinary.com/commerce/image/upload/v1632326653/p2rtp8npeozxehjrfvql.png"",""metadata"":{""source"":""woocommerce"",""order_id"":""178"",""order_key"":""wc_order_D4rabavW1Uadx""},""payments"":[],""resource"":""charge"",""timeline"":[{""time"":""2021-11-13T20:32:39Z"",""status"":""NEW""}],""addresses"":{""dai"":""0xd3fd4214a5be99f6134cd5fa0d6ad68ce8ee5ea4"",""usdc"":""0xd3fd4214a5be99f6134cd5fa0d6ad68ce8ee5ea4"",""bitcoin"":""3KcDeJeXMokVXkpWyZgWtK5t6FYRyxjtG1"",""dogecoin"":""DEkaKBLf9HDseitmj477jMhgekB1bHwFp4"",""ethereum"":""0xd3fd4214a5be99f6134cd5fa0d6ad68ce8ee5ea4"",""litecoin"":""MSHMRX4WMjL9pTFuojo72BuB5cpcjrNAXu"",""bitcoincash"":""qpkzyug28g9cvqd0yuup3x80r3cwqzvmqs6jkxymuc""},""pwcb_only"":false,""cancel_url"":""https://hekaya.spmdubai.com/cart/?cancel_order=true&amp;order=wc_order_D4rabavW1Uadx&amp;order_id=178&amp;redirect&amp;_wpnonce=febda5e911"",""created_at"":""2021-11-13T20:32:39Z"",""expires_at"":""2021-11-13T21:32:39Z"",""hosted_url"":""https://commerce.coinbase.com/charges/R2588F2J"",""brand_color"":""#A973A9"",""description"":""1 x Single"",""fees_settled"":true,""pricing_type"":""fixed_price"",""redirect_url"":""https://hekaya.spmdubai.com/checkout/order-received/178/?key=wc_order_D4rabavW1Uadx"",""support_email"":""mzughbor@gmail.com"",""brand_logo_url"":""https://res.cloudinary.com/commerce/image/upload/v1632326653/p2rtp8npeozxehjrfvql.png"",""exchange_rates"":{""BCH-USD"":""666.785"",""BTC-USD"":""64079.61"",""DAI-USD"":""1.0000365"",""ETH-USD"":""4646.575"",""LTC-USD"":""256.36"",""DOGE-USD"":""0.25955"",""USDC-USD"":""1.0""},""organization_name"":""yoilen"",""payment_threshold"":{""overpayment_absolute_threshold"":{""amount"":""5.00"",""currency"":""USD""},""overpayment_relative_threshold"":""0.005"",""underpayment_absolute_threshold"":{""amount"":""0.10"",""currency"":""USD""},""underpayment_relative_threshold"":""0.005""},""local_exchange_rates"":{""BCH-USD"":""666.785"",""BTC-USD"":""64079.61"",""DAI-USD"":""1.0000365"",""ETH-USD"":""4646.575"",""LTC-USD"":""256.36"",""DOGE-USD"":""0.25955"",""USDC-USD"":""1.0""},""third_party_provider"":""woocommerce""},""id"":""30adc7f4-05fb-451c-9328-1bd726627238"",""resource"":""event"",""type"":""charge:created""},""id"":""fdeaf37a-f057-4e44-8a7f-a31fea08e6e7"",""scheduled_for"":""2021-11-13T20:32:39Z""}","0","0","charge:created",NULL,NULL,NULL,NULL,NULL
"62","2021-11-13 20:34:38","hyip hekaya",,"{""attempt_number"":1,""event"":{""api_version"":""2018-03-22"",""created_at"":""2021-11-13T20:34:37Z"",""data"":{""id"":""ee3c90cd-aa26-4ad1-ae97-0929e75a3831"",""code"":""R2588F2J"",""name"":""hyip hekaya"",""utxo"":true,""pricing"":{""dai"":{""amount"":""0.999963501332201375"",""currency"":""DAI""},""usdc"":{""amount"":""1.000000"",""currency"":""USDC""},""local"":{""amount"":""1.00"",""currency"":""USD""},""bitcoin"":{""amount"":""0.00001561"",""currency"":""BTC""},""dogecoin"":{""amount"":""3.85282219"",""currency"":""DOGE""},""ethereum"":{""amount"":""0.000215000"",""currency"":""ETH""},""litecoin"":{""amount"":""0.00390076"",""currency"":""LTC""},""bitcoincash"":{""amount"":""0.00149973"",""currency"":""BCH""}},""logo_url"":""https://res.cloudinary.com/commerce/image/upload/v1632326653/p2rtp8npeozxehjrfvql.png"",""metadata"":{""source"":""woocommerce"",""order_id"":""178"",""order_key"":""wc_order_D4rabavW1Uadx""},""payments"":[{""net"":{""local"":{""amount"":""1.00"",""currency"":""USD""},""crypto"":{""amount"":""0.00390076"",""currency"":""LTC""}},""block"":{""hash"":null,""height"":null,""confirmations"":0,""confirmations_required"":2},""value"":{""local"":{""amount"":""1.00"",""currency"":""USD""},""crypto"":{""amount"":""0.00390076"",""currency"":""LTC""}},""status"":""PENDING"",""network"":""litecoin"",""deposited"":null,""detected_at"":""2021-11-13T20:34:37Z"",""transaction_id"":""0a80f85c662e05ab59d5c5e870ce5e556d05592cae28b50918d6061b7a216ea2"",""coinbase_processing_fee"":{""local"":{""amount"":""0.00"",""currency"":""USD""},""crypto"":{""amount"":""0.00000000"",""currency"":""LTC""}}}],""resource"":""charge"",""timeline"":[{""time"":""2021-11-13T20:32:39Z"",""status"":""NEW""},{""time"":""2021-11-13T20:34:37Z"",""status"":""PENDING"",""payment"":{""value"":{""amount"":""0.00390076"",""currency"":""LTC""},""network"":""litecoin"",""transaction_id"":""0a80f85c662e05ab59d5c5e870ce5e556d05592cae28b50918d6061b7a216ea2""}}],""addresses"":{""dai"":""0xd3fd4214a5be99f6134cd5fa0d6ad68ce8ee5ea4"",""usdc"":""0xd3fd4214a5be99f6134cd5fa0d6ad68ce8ee5ea4"",""bitcoin"":""3KcDeJeXMokVXkpWyZgWtK5t6FYRyxjtG1"",""dogecoin"":""DEkaKBLf9HDseitmj477jMhgekB1bHwFp4"",""ethereum"":""0xd3fd4214a5be99f6134cd5fa0d6ad68ce8ee5ea4"",""litecoin"":""MSHMRX4WMjL9pTFuojo72BuB5cpcjrNAXu"",""bitcoincash"":""qpkzyug28g9cvqd0yuup3x80r3cwqzvmqs6jkxymuc""},""pwcb_only"":false,""cancel_url"":""https://hekaya.spmdubai.com/cart/?cancel_order=true&amp;order=wc_order_D4rabavW1Uadx&amp;order_id=178&amp;redirect&amp;_wpnonce=febda5e911"",""created_at"":""2021-11-13T20:32:39Z"",""expires_at"":""2021-11-13T21:32:39Z"",""hosted_url"":""https://commerce.coinbase.com/charges/R2588F2J"",""brand_color"":""#A973A9"",""description"":""1 x Single"",""fees_settled"":true,""pricing_type"":""fixed_price"",""redirect_url"":""https://hekaya.spmdubai.com/checkout/order-received/178/?key=wc_order_D4rabavW1Uadx"",""support_email"":""mzughbor@gmail.com"",""brand_logo_url"":""https://res.cloudinary.com/commerce/image/upload/v1632326653/p2rtp8npeozxehjrfvql.png"",""exchange_rates"":{""BCH-USD"":""666.785"",""BTC-USD"":""64079.61"",""DAI-USD"":""1.0000365"",""ETH-USD"":""4646.575"",""LTC-USD"":""256.36"",""DOGE-USD"":""0.25955"",""USDC-USD"":""1.0""},""organization_name"":""yoilen"",""payment_threshold"":{""overpayment_absolute_threshold"":{""amount"":""5.00"",""currency"":""USD""},""overpayment_relative_threshold"":""0.005"",""underpayment_absolute_threshold"":{""amount"":""0.10"",""currency"":""USD""},""underpayment_relative_threshold"":""0.005""},""local_exchange_rates"":{""BCH-USD"":""666.785"",""BTC-USD"":""64079.61"",""DAI-USD"":""1.0000365"",""ETH-USD"":""4646.575"",""LTC-USD"":""256.36"",""DOGE-USD"":""0.25955"",""USDC-USD"":""1.0""},""third_party_provider"":""woocommerce""},""id"":""7b2e1965-92fb-483e-9e13-fbad575e547b"",""resource"":""event"",""type"":""charge:pending""},""id"":""b3d3eb7f-24d6-4ab3-94d4-641ca656d96a"",""scheduled_for"":""2021-11-13T20:34:37Z""}","0","0","charge:pending",NULL,NULL,NULL,NULL,NULL
"63","2021-11-13 20:38:08","hyip hekaya",,"{""attempt_number"":1,""event"":{""api_version"":""2018-03-22"",""created_at"":""2021-11-13T20:38:07Z"",""data"":{""id"":""ee3c90cd-aa26-4ad1-ae97-0929e75a3831"",""code"":""R2588F2J"",""name"":""hyip hekaya"",""utxo"":true,""pricing"":{""dai"":{""amount"":""0.999963501332201375"",""currency"":""DAI""},""usdc"":{""amount"":""1.000000"",""currency"":""USDC""},""local"":{""amount"":""1.00"",""currency"":""USD""},""bitcoin"":{""amount"":""0.00001561"",""currency"":""BTC""},""dogecoin"":{""amount"":""3.85282219"",""currency"":""DOGE""},""ethereum"":{""amount"":""0.000215000"",""currency"":""ETH""},""litecoin"":{""amount"":""0.00390076"",""currency"":""LTC""},""bitcoincash"":{""amount"":""0.00149973"",""currency"":""BCH""}},""logo_url"":""https://res.cloudinary.com/commerce/image/upload/v1632326653/p2rtp8npeozxehjrfvql.png"",""metadata"":{""source"":""woocommerce"",""order_id"":""178"",""order_key"":""wc_order_D4rabavW1Uadx""},""payments"":[{""net"":{""local"":{""amount"":""1.00"",""currency"":""USD""},""crypto"":{""amount"":""0.00390076"",""currency"":""LTC""}},""block"":{""hash"":""f643f5dea6d7f337f1a492f7568988692da484d9b8f5faded30e06e7d9268b36"",""height"":2157493,""confirmations"":1,""confirmations_required"":2},""value"":{""local"":{""amount"":""1.00"",""currency"":""USD""},""crypto"":{""amount"":""0.00390076"",""currency"":""LTC""}},""status"":""CONFIRMED"",""network"":""litecoin"",""deposited"":null,""detected_at"":""2021-11-13T20:34:37Z"",""transaction_id"":""0a80f85c662e05ab59d5c5e870ce5e556d05592cae28b50918d6061b7a216ea2"",""coinbase_processing_fee"":{""local"":{""amount"":""0.00"",""currency"":""USD""},""crypto"":{""amount"":""0.00000000"",""currency"":""LTC""}}}],""resource"":""charge"",""timeline"":[{""time"":""2021-11-13T20:32:39Z"",""status"":""NEW""},{""time"":""2021-11-13T20:34:37Z"",""status"":""PENDING"",""payment"":{""value"":{""amount"":""0.00390076"",""currency"":""LTC""},""network"":""litecoin"",""transaction_id"":""0a80f85c662e05ab59d5c5e870ce5e556d05592cae28b50918d6061b7a216ea2""}},{""time"":""2021-11-13T20:38:07Z"",""status"":""COMPLETED"",""payment"":{""value"":{""amount"":""0.00390076"",""currency"":""LTC""},""network"":""litecoin"",""transaction_id"":""0a80f85c662e05ab59d5c5e870ce5e556d05592cae28b50918d6061b7a216ea2""}}],""addresses"":{""dai"":""0xd3fd4214a5be99f6134cd5fa0d6ad68ce8ee5ea4"",""usdc"":""0xd3fd4214a5be99f6134cd5fa0d6ad68ce8ee5ea4"",""bitcoin"":""3KcDeJeXMokVXkpWyZgWtK5t6FYRyxjtG1"",""dogecoin"":""DEkaKBLf9HDseitmj477jMhgekB1bHwFp4"",""ethereum"":""0xd3fd4214a5be99f6134cd5fa0d6ad68ce8ee5ea4"",""litecoin"":""MSHMRX4WMjL9pTFuojo72BuB5cpcjrNAXu"",""bitcoincash"":""qpkzyug28g9cvqd0yuup3x80r3cwqzvmqs6jkxymuc""},""pwcb_only"":false,""cancel_url"":""https://hekaya.spmdubai.com/cart/?cancel_order=true&amp;order=wc_order_D4rabavW1Uadx&amp;order_id=178&amp;redirect&amp;_wpnonce=febda5e911"",""created_at"":""2021-11-13T20:32:39Z"",""expires_at"":""2021-11-13T21:32:39Z"",""hosted_url"":""https://commerce.coinbase.com/charges/R2588F2J"",""brand_color"":""#A973A9"",""description"":""1 x Single"",""confirmed_at"":""2021-11-13T20:38:07Z"",""fees_settled"":true,""pricing_type"":""fixed_price"",""redirect_url"":""https://hekaya.spmdubai.com/checkout/order-received/178/?key=wc_order_D4rabavW1Uadx"",""support_email"":""mzughbor@gmail.com"",""brand_logo_url"":""https://res.cloudinary.com/commerce/image/upload/v1632326653/p2rtp8npeozxehjrfvql.png"",""exchange_rates"":{""BCH-USD"":""666.785"",""BTC-USD"":""64079.61"",""DAI-USD"":""1.0000365"",""ETH-USD"":""4646.575"",""LTC-USD"":""256.36"",""DOGE-USD"":""0.25955"",""USDC-USD"":""1.0""},""organization_name"":""yoilen"",""payment_threshold"":{""overpayment_absolute_threshold"":{""amount"":""5.00"",""currency"":""USD""},""overpayment_relative_threshold"":""0.005"",""underpayment_absolute_threshold"":{""amount"":""0.10"",""currency"":""USD""},""underpayment_relative_threshold"":""0.005""},""local_exchange_rates"":{""BCH-USD"":""666.785"",""BTC-USD"":""64079.61"",""DAI-USD"":""1.0000365"",""ETH-USD"":""4646.575"",""LTC-USD"":""256.36"",""DOGE-USD"":""0.25955"",""USDC-USD"":""1.0""},""third_party_provider"":""woocommerce""},""id"":""eace6008-9747-49c9-ae53-39d57072e4dd"",""resource"":""event"",""type"":""charge:confirmed""},""id"":""fc9e6c4b-c5c8-402c-b07b-6dada94b92c5"",""scheduled_for"":""2021-11-13T20:38:07Z""}","0","0","charge:confirmed",NULL,NULL,NULL,NULL,NULL
